Precision,Accuracy,AUC
1,97.03125,99.504609375
2,96.96875,99.5055859375
3,97.0,99.50609375
4,97.0,99.50597656250001
5,97.0,99.50597656250001
6,97.0,99.50597656250001
7,97.0,99.50597656250001
8,97.0,99.50597656250001
9,97.0,99.50597656250001
10,97.0,99.50597656250001
