Precision,Accuracy,AUC
1,97.21875,99.66648437500001
2,97.21875,99.66417968749998
3,97.21875,99.663828125
4,97.21875,99.6638671875
5,97.21875,99.663828125
6,97.21875,99.663828125
7,97.21875,99.663828125
8,97.21875,99.663828125
9,97.21875,99.663828125
10,97.21875,99.663828125
