num_identities,num_templates,num_samples,embedding_time,clear_sim_time,encryption_time,homomorphic_time,total_runtime,ct_size_bytes,avg_diff,std_diff,max_diff,min_diff,top1_acc_clear,top5_acc_clear,top10_acc_clear,top1_acc_enc,top5_acc_enc,top10_acc_enc
1,1,1,0.17574858665466309,0.0009982585906982422,0.3847019672393799,0.05814528465270996,0.6271467208862305,334159,7.748604e-07,0.0,7.748604e-07,7.748604e-07,1.0,1.0,1.0,1.0,1.0,1.0
5,5,41,4.089734792709351,0.0,0.6487536430358887,11.437208652496338,16.183650493621826,334182,8.9415147e-07,2.028242e-07,1.2814999e-06,1.7881393e-07,0.8292682926829268,1.0,1.0,0.8292682926829268,1.0,1.0
10,10,73,6.617482900619507,0.0015001296997070312,0.7504627704620361,39.7628333568573,47.143730878829956,334368,4.9949205e-07,1.360054e-07,8.791685e-07,8.940697e-08,0.8082191780821918,0.958904109589041,1.0,0.8082191780821918,0.958904109589041,1.0
20,20,173,16.09676766395569,0.004496335983276367,1.3533151149749756,193.93096232414246,211.4043824672699,334316,9.920853e-07,1.7111905e-07,1.5161932e-06,2.3841858e-07,0.7803468208092486,0.9421965317919075,0.9653179190751445,0.7803468208092486,0.9421965317919075,0.9653179190751445
